문서	줄	옛 토큰	파일	처분	가리키던 원문(base b2c3987)	새 토큰	새 원문(HEAD aed00ed)	근거
CHECKLIST.md	29	:234	EditCard.swift	이력 보존		-		머리말 기준선 문단 = 그날 좌표의 기록(관례)
CHECKLIST.md	29	:257	EditCard.swift	이력 보존		-		머리말 기준선 문단 = 그날 좌표의 기록(관례)
CHECKLIST.md	35	:234	EditCard.swift	이력 보존		-		머리말 기준선 문단 = 그날 좌표의 기록(관례)
CHECKLIST.md	35	:273	EditCard.swift	이력 보존		-		머리말 기준선 문단 = 그날 좌표의 기록(관례)
CHECKLIST.md	35	:257	EditCard.swift	이력 보존		-		머리말 기준선 문단 = 그날 좌표의 기록(관례)
CHECKLIST.md	35	:296	EditCard.swift	이력 보존		-		머리말 기준선 문단 = 그날 좌표의 기록(관례)
CHECKLIST.md	36	:110-146	EventDetailView.swift	이력 보존		-		머리말 기준선 문단 = 그날 좌표의 기록(관례)
CHECKLIST.md	36	:108-144	EventDetailView.swift	이력 보존		-		머리말 기준선 문단 = 그날 좌표의 기록(관례)
CHECKLIST.md	36	:148-153	EventDetailView.swift	이력 보존		-		머리말 기준선 문단 = 그날 좌표의 기록(관례)
CHECKLIST.md	36	:146-151	EventDetailView.swift	이력 보존		-		머리말 기준선 문단 = 그날 좌표의 기록(관례)
CHECKLIST.md	48	:273	EditCard.swift	이력 보존		-		머리말 기준선 문단 = 그날 좌표의 기록(관례)
CHECKLIST.md	48	:294	EditCard.swift	이력 보존		-		머리말 기준선 문단 = 그날 좌표의 기록(관례)
CHECKLIST.md	48	:296	EditCard.swift	이력 보존		-		머리말 기준선 문단 = 그날 좌표의 기록(관례)
CHECKLIST.md	48	:317	EditCard.swift	이력 보존		-		머리말 기준선 문단 = 그날 좌표의 기록(관례)
CHECKLIST.md	76	:257	Store.swift	이력 보존		-		머리말 기준선 문단 = 그날 좌표의 기록(관례)
CHECKLIST.md	76	:639	Store.swift	이력 보존		-		머리말 기준선 문단 = 그날 좌표의 기록(관례)
CHECKLIST.md	76	:1248-1621	GuardDriver.swift	이력 보존		-		머리말 기준선 문단 = 그날 좌표의 기록(관례)
CHECKLIST.md	102	:190~245	Store.swift	이력 보존		-		머리말 기준선 문단 = 그날 좌표의 기록(관례)
CHECKLIST.md	103	:246~420	Store.swift	이력 보존		-		머리말 기준선 문단 = 그날 좌표의 기록(관례)
CHECKLIST.md	103	:421~1317	Store.swift	이력 보존		-		머리말 기준선 문단 = 그날 좌표의 기록(관례)
CHECKLIST.md	103	:1334	Store.swift	이력 보존		-		머리말 기준선 문단 = 그날 좌표의 기록(관례)
CHECKLIST.md	103	:175	Store.swift	이력 보존		-		머리말 기준선 문단 = 그날 좌표의 기록(관례)
CHECKLIST.md	113	:543	ContentView.swift	이력 보존		-		머리말 기준선 문단 = 그날 좌표의 기록(관례)
CHECKLIST.md	113	:558	ContentView.swift	이력 보존		-		머리말 기준선 문단 = 그날 좌표의 기록(관례)
CHECKLIST.md	114	:93	ContentView.swift	이력 보존		-		머리말 기준선 문단 = 그날 좌표의 기록(관례)
CHECKLIST.md	114	:106	ContentView.swift	이력 보존		-		머리말 기준선 문단 = 그날 좌표의 기록(관례)
CHECKLIST.md	114	:800	ContentView.swift	이력 보존		-		머리말 기준선 문단 = 그날 좌표의 기록(관례)
CHECKLIST.md	114	:543	ContentView.swift	이력 보존		-		머리말 기준선 문단 = 그날 좌표의 기록(관례)
CHECKLIST.md	118	:1455-1459	Store.swift	이력 보존		-		머리말 기준선 문단 = 그날 좌표의 기록(관례)
CHECKLIST.md	119	:1444-1448	Store.swift	이력 보존		-		머리말 기준선 문단 = 그날 좌표의 기록(관례)
CHECKLIST.md	119	:788	Store.swift	이력 보존		-		머리말 기준선 문단 = 그날 좌표의 기록(관례)
CHECKLIST.md	120	:884	Store.swift	이력 보존		-		머리말 기준선 문단 = 그날 좌표의 기록(관례)
CHECKLIST.md	121	:519-520	Store.swift	이력 보존		-		머리말 기준선 문단 = 그날 좌표의 기록(관례)
CHECKLIST.md	121	:522-523	Store.swift	이력 보존		-		머리말 기준선 문단 = 그날 좌표의 기록(관례)
CHECKLIST.md	121	:1426-1428	Store.swift	이력 보존		-		머리말 기준선 문단 = 그날 좌표의 기록(관례)
CHECKLIST.md	121	:1463-1465	Store.swift	이력 보존		-		머리말 기준선 문단 = 그날 좌표의 기록(관례)
CHECKLIST.md	123	:54	Store.swift	이력 보존		-		머리말 기준선 문단 = 그날 좌표의 기록(관례)
CHECKLIST.md	127	:543	Store.swift	이력 보존		-		머리말 기준선 문단 = 그날 좌표의 기록(관례)
CHECKLIST.md	146	:1258	GuardDriver.swift	이력 보존		-		머리말 기준선 문단 = 그날 좌표의 기록(관례)
CHECKLIST.md	146	:1393	GuardDriver.swift	이력 보존		-		머리말 기준선 문단 = 그날 좌표의 기록(관례)
CHECKLIST.md	146	:1511	GuardDriver.swift	이력 보존		-		머리말 기준선 문단 = 그날 좌표의 기록(관례)
CHECKLIST.md	146	:1646	GuardDriver.swift	이력 보존		-		머리말 기준선 문단 = 그날 좌표의 기록(관례)
CHECKLIST.md	147	:1247	GuardDriver.swift	이력 보존		-		머리말 기준선 문단 = 그날 좌표의 기록(관례)
CHECKLIST.md	147	:1522	GuardDriver.swift	이력 보존		-		머리말 기준선 문단 = 그날 좌표의 기록(관례)
CHECKLIST.md	147	:1500	GuardDriver.swift	이력 보존		-		머리말 기준선 문단 = 그날 좌표의 기록(관례)
CHECKLIST.md	147	:1775	GuardDriver.swift	이력 보존		-		머리말 기준선 문단 = 그날 좌표의 기록(관례)
CHECKLIST.md	147	:1239-1241	GuardDriver.swift	이력 보존		-		머리말 기준선 문단 = 그날 좌표의 기록(관례)
CHECKLIST.md	147	:1254-1256	GuardDriver.swift	이력 보존		-		머리말 기준선 문단 = 그날 좌표의 기록(관례)
CHECKLIST.md	147	:1492-1494	GuardDriver.swift	이력 보존		-		머리말 기준선 문단 = 그날 좌표의 기록(관례)
CHECKLIST.md	147	:1507-1509	GuardDriver.swift	이력 보존		-		머리말 기준선 문단 = 그날 좌표의 기록(관례)
CHECKLIST.md	148	:1167-1168	GuardDriver.swift	이력 보존		-		머리말 기준선 문단 = 그날 좌표의 기록(관례)
CHECKLIST.md	148	:1242	GuardDriver.swift	이력 보존		-		머리말 기준선 문단 = 그날 좌표의 기록(관례)
CHECKLIST.md	148	:1420-1421	GuardDriver.swift	이력 보존		-		머리말 기준선 문단 = 그날 좌표의 기록(관례)
CHECKLIST.md	148	:1495	GuardDriver.swift	이력 보존		-		머리말 기준선 문단 = 그날 좌표의 기록(관례)
CHECKLIST.md	182	:1012	Store.swift	재사상	let departure = event.arrivalDate.addingTimeInterval(-seconds - Double(event.bufferMinutes	:1308	let departure = event.arrivalDate.addingTimeInterval(-seconds - Double(event.bufferMinutes	
CHECKLIST.md	183	:589	Store.swift	재사상	bufferMinutes: anchor == .departure ? 0 : bufferMinutes,	:885	bufferMinutes: anchor == .departure ? 0 : bufferMinutes,	
CHECKLIST.md	190	:567-570	Store.swift	재사상	/// 방금 만든 일정을 그대로 돌려준다 — 호출자가 제목·목적지로 되찾으면 같은 이름의 더 늦은 ⟂ /// 반환을 써야 하는 호출자(executeCreateSchedule)가 쓰는지는 드라이버 J절이 지킨다.	:863-866	/// 방금 만든 일정을 그대로 돌려준다 — 호출자가 제목·목적지로 되찾으면 같은 이름의 더 늦은 ⟂ /// 반환을 써야 하는 호출자(executeCreateSchedule)가 쓰는지는 드라이버 J절이 지킨다.	
CHECKLIST.md	199	:47	Store.swift	이동량 0 — 변경 없음		-		사상값이 옛 값과 같다
CHECKLIST.md	199	:735-741	Store.swift	귀속 오류 — 변경 없음		-		weeksField는 AIAssistant 심볼(앞의 Store.swift:47에 끌려 prev 귀속) — 이동 없음
CHECKLIST.md	199	:244	Store.swift	재사상	let cappedWeeks = min(max(weeks, 1), Self.maxRecurrenceWeeks)	:250	let cappedWeeks = min(max(weeks, 1), Self.maxRecurrenceWeeks)	
CHECKLIST.md	199	:640	Store.swift	재사상	let cappedWeeks = min(max(weeks, 1), Self.maxRecurrenceWeeks)	:936	let cappedWeeks = min(max(weeks, 1), Self.maxRecurrenceWeeks)	
CHECKLIST.md	202	:316-403	Models.swift	재사상	enum KoreanHolidays { ⟂ }	:510-597	enum KoreanHolidays { ⟂ }	
CHECKLIST.md	217	:728	Store.swift	재사상	func updateRecurringSeries(_ recurrenceId: UUID,	:1024	func updateRecurringSeries(_ recurrenceId: UUID,	
CHECKLIST.md	223	:62	Store.swift	이동량 0 — 변경 없음		-		사상값이 옛 값과 같다
CHECKLIST.md	223	66	Store.swift	이동량 0 — 변경 없음		-		사상값이 옛 값과 같다
CHECKLIST.md	223	:1735-1736	Store.swift	귀속 오류 — 변경 없음		-		좌표가 Store.swift 길이를 넘는다(다른 파일 좌표: 후보 ['AIAssistant.swift'])
CHECKLIST.md	223	:2005-2006	Store.swift	귀속 오류 — 변경 없음		-		좌표가 Store.swift 길이를 넘는다(다른 파일 좌표: 후보 ['AIAssistant.swift'])
CHECKLIST.md	223	:2139-2140	Store.swift	귀속 오류 — 변경 없음		-		좌표가 Store.swift 길이를 넘는다(다른 파일 좌표: 후보 ['AIAssistant.swift'])
CHECKLIST.md	223	:745-746	Store.swift	재사상	if let bufferMinutes { event.bufferMinutes = (event.anchor == .departure) ? 0 : Self.clamp ⟂ if let notifyLeadMinutes { event.notifyLeadMinutes = Self.clampNotifyLead(notifyLeadMinute	:1041-1042	if let bufferMinutes { event.bufferMinutes = (event.anchor == .departure) ? 0 : Self.clamp ⟂ if let notifyLeadMinutes { event.notifyLeadMinutes = Self.clampNotifyLead(notifyLeadMinute	
CHECKLIST.md	224	:780-788	ContentView.swift	재사상	store.moveActivity(a, byMinutes: drag.deltaMinutes, wholeSeries: whole) ⟂ store.adjustTravelLeg(e, byMinutes: drag.deltaMinutes, wholeSeries: whole)	:772-780	store.moveActivity(a, byMinutes: drag.deltaMinutes, wholeSeries: whole) ⟂ store.adjustTravelLeg(e, byMinutes: drag.deltaMinutes, wholeSeries: whole)	
CHECKLIST.md	234	:83	Store.swift	이동량 0 — 변경 없음		-		사상값이 옛 값과 같다
CHECKLIST.md	234	:97-102	Store.swift	이동량 0 — 변경 없음		-		사상값이 옛 값과 같다
CHECKLIST.md	240	:514-533	Store.swift	재사상	func conflicts(departure: Date, arrival: Date, ⟂ }	:810-829	func conflicts(departure: Date, arrival: Date, ⟂ }	
CHECKLIST.md	240	:111-115	Store.swift	이동량 0 — 변경 없음		-		사상값이 옛 값과 같다
CHECKLIST.md	240	:1782-1784	Store.swift	귀속 오류 — 변경 없음		-		좌표가 Store.swift 길이를 넘는다(다른 파일 좌표: 후보 ['AIAssistant.swift'])
CHECKLIST.md	240	:1834	Store.swift	귀속 오류 — 변경 없음		-		좌표가 Store.swift 길이를 넘는다(다른 파일 좌표: 후보 [])
CHECKLIST.md	243	:1245-1271	Store.swift	재사상	func refreshUpcomingEstimates(withinMinutes: Int = 120) async { ⟂ }	:1547-1573	func refreshUpcomingEstimates(withinMinutes: Int = 120) async { ⟂ }	
CHECKLIST.md	243	:648-678	Store.swift	재사상	// API 사용량 절약: 이동시간은 첫 회차만 실제로 조회하고, 나머지 회차는 그 값을 그대로 복사한다 ⟂ }	:944-974	// API 사용량 절약: 이동시간은 첫 회차만 실제로 조회하고, 나머지 회차는 그 값을 그대로 복사한다 ⟂ }	
CHECKLIST.md	246	:509	AddActivityView.swift	재측정(본문 변경)	.disabled(!(card?.isReady ?? false) || saving)	:274	.disabled(!(form?.card.isReady ?? false) || saving)	옛 본문은 사라졌고 같은 일을 하는 줄이 AddActivityView.swift:274에 있다
CHECKLIST.md	283	:1041-1051	Store.swift	재사상	private func scheduleDepartureNotification(for event: ScheduledEvent, ⟂ }	:1337-1347	private func scheduleDepartureNotification(for event: ScheduledEvent, ⟂ }	
CHECKLIST.md	284	:1217-1241	Store.swift	재사상	func rescheduleNearestNotifications(limit: Int = 60) { ⟂ }	:1519-1543	func rescheduleNearestNotifications(limit: Int = 60) { ⟂ }	
CHECKLIST.md	291	:817-852	Store.swift	재사상	func enqueueCalendarUpload(eventIDs: [UUID] = [], activityIDs: [UUID] = []) { ⟂ }	:1113-1148	func enqueueCalendarUpload(eventIDs: [UUID] = [], activityIDs: [UUID] = []) { ⟂ }	
CHECKLIST.md	292	:195	Models.swift	재사상	var wantsCalendarSync: Bool { syncToCalendar ?? true }	:196	var wantsCalendarSync: Bool { syncToCalendar ?? true }	
CHECKLIST.md	292	:512	Models.swift	재사상	var wantsCalendarSync: Bool { syncToCalendar ?? true }	:706	var wantsCalendarSync: Bool { syncToCalendar ?? true }	
CHECKLIST.md	292	:1831	Models.swift	귀속 오류 — 변경 없음		-		좌표가 Models.swift 길이를 넘는다(다른 파일 좌표: 후보 [])
CHECKLIST.md	292	:2008	Models.swift	귀속 오류 — 변경 없음		-		좌표가 Models.swift 길이를 넘는다(다른 파일 좌표: 후보 [])
CHECKLIST.md	292	:825	Store.swift	재사상	evs[i].wantsCalendarSync, evs[i].googleEventId == nil else { continue }	:1121	evs[i].wantsCalendarSync, evs[i].googleEventId == nil else { continue }	
CHECKLIST.md	292	:884	Store.swift	재사상	events[idx].wantsCalendarSync else { continue }   // "이건 캘린더에 올리지 마" 존중	:1180	events[idx].wantsCalendarSync else { continue }   // "이건 캘린더에 올리지 마" 존중	
CHECKLIST.md	300	:31	ActivityDetailView.swift	재사상	// 주변 맛집 추천(be full sir) — 실기기 테스트 피드백으로 이동 일정 상세에서 옮겨옴:	:35	// 주변 맛집 추천(be full sir) — 실기기 테스트 피드백으로 이동 일정 상세에서 옮겨옴:	
CHECKLIST.md	311	:437-443	Store.swift	재사상	private func removeUpcomingMeals(eventIDs: Set<UUID> = [], activityIDs: Set<UUID> = []) { ⟂ }	:733-739	private func removeUpcomingMeals(eventIDs: Set<UUID> = [], activityIDs: Set<UUID> = []) { ⟂ }	
CHECKLIST.md	322	:799	ContentView.swift	재사상	private struct SwipePager<Content: View>: View {	:791	private struct SwipePager<Content: View>: View {	
CHECKLIST.md	325	:542	ContentView.swift	서술 갱신(사상값 대조)	private func span(for activity: ActivityBlock, on date: Date) -> (start: CGFloat, minutes:	:543	private func span(for activity: ActivityBlock, on date: Date) -> (start: CGFloat, minutes:	
CHECKLIST.md	325	557	ContentView.swift	서술 갱신(사상값 대조)	private func span(for event: ScheduledEvent, on date: Date) -> (start: CGFloat, minutes: C	558	private func span(for event: ScheduledEvent, on date: Date) -> (start: CGFloat, minutes: C	
CHECKLIST.md	327	:780-788	ContentView.swift	재사상	store.moveActivity(a, byMinutes: drag.deltaMinutes, wholeSeries: whole) ⟂ store.adjustTravelLeg(e, byMinutes: drag.deltaMinutes, wholeSeries: whole)	:772-780	store.moveActivity(a, byMinutes: drag.deltaMinutes, wholeSeries: whole) ⟂ store.adjustTravelLeg(e, byMinutes: drag.deltaMinutes, wholeSeries: whole)	
CHECKLIST.md	328	:190	Models.swift	서술 갱신(사상값 대조)	var linkedActivityId: UUID?	:191	var linkedActivityId: UUID?	
CHECKLIST.md	328	:1118-1132	Store.swift	서술 갱신(사상값 대조)	private func linkedLegs(for activity: ActivityBlock) -> (arrival: ScheduledEvent?, departu ⟂ }	:1414-1434	private func linkedLegs(for activity: ActivityBlock) -> (arrival: ScheduledEvent?, departu ⟂ }	
CHECKLIST.md	329	:92	ContentView.swift	서술 갱신(재측정)	return Store.overlapsDay(start: dep, end: e.arrivalDate, day: date, calendar: calendar)	:88	store.events.filter { $0.isListed(on: date, calendar: calendar) }	옛 본문은 사라졌고 같은 일을 하는 줄이 ContentView.swift:88에 있다
CHECKLIST.md	329	:105	ContentView.swift	서술 갱신(사상값 대조)	return Store.overlapsDay(start: a.startDate, end: a.endDate, day: date, calendar: calendar	:100	return Store.overlapsDay(start: a.startDate, end: a.endDate, day: date, calendar: calendar	
CHECKLIST.md	329	:38	Store.swift	이동량 0 — 변경 없음		-		사상값이 옛 값과 같다
CHECKLIST.md	329	:542	ContentView.swift	서술 갱신(사상값 대조)	private func span(for activity: ActivityBlock, on date: Date) -> (start: CGFloat, minutes:	:543	private func span(for activity: ActivityBlock, on date: Date) -> (start: CGFloat, minutes:	귀속 정정: Store.swift → ContentView.swift
CHECKLIST.md	329	557	ContentView.swift	서술 갱신(사상값 대조)	private func span(for event: ScheduledEvent, on date: Date) -> (start: CGFloat, minutes: C	558	private func span(for event: ScheduledEvent, on date: Date) -> (start: CGFloat, minutes: C	귀속 정정: Store.swift → ContentView.swift
CHECKLIST.md	329	:132	Store.swift	서술 갱신(사상값 대조)	private func recomputeDaysWithSchedule() {	:134	private func recomputeDaysWithSchedule() {	
CHECKLIST.md	329	:157	Store.swift	서술 갱신(사상값 대조)	static func dayKeys(start: Date, end: Date, calendar cal: Calendar) -> [Int] {	:161	static func dayKeys(start: Date, end: Date, calendar cal: Calendar) -> [Int] {	
CHECKLIST.md	336	:1336-1407	Store.swift	재사상	func syncWithGoogle() async { ⟂ }	:1665-1736	func syncWithGoogle() async { ⟂ }	
CHECKLIST.md	337	:1415-1476	Store.swift	재사상	private func reconcileActivities(remote: (events: [ScheduledEvent], ⟂ }	:1744-1805	private func reconcileActivities(remote: (events: [ScheduledEvent], ⟂ }	
CHECKLIST.md	338	:1456-1460	Store.swift	재사상	// 2-4) 알림은 besir 앱에서만 울려야 한다. 알림 해제 설정을 넣기 전 버전이 만든 항목은 ⟂ }	:1785-1789	// 2-4) 알림은 besir 앱에서만 울려야 한다. 알림 해제 설정을 넣기 전 버전이 만든 항목은 ⟂ }	
CHECKLIST.md	339	:83	Store.swift	이동량 0 — 변경 없음		-		사상값이 옛 값과 같다
CHECKLIST.md	345	:1365-1368	Store.swift	재사상	// 조회 실패(오프라인·토큰 만료·HTTP 오류)는 fetchBesirItems가 예외로 던진다 — 이 조기 ⟂ guard let remote = try? await gcal.fetchBesirItems() else { save(); return }	:1694-1697	// 조회 실패(오프라인·토큰 만료·HTTP 오류)는 fetchBesirItems가 예외로 던진다 — 이 조기 ⟂ guard let remote = try? await gcal.fetchBesirItems() else { save(); return }	
CHECKLIST.md	347	:70-81	Store.swift	이동량 0 — 변경 없음		-		사상값이 옛 값과 같다
CHECKLIST.md	347	:140-142	Store.swift	귀속 오류 — 변경 없음		-		카드 보류 중 종료(saveHistory)는 AIAssistant 심볼 — base AIAssistant:140-142가 saveHistory
CHECKLIST.md	349	:54	Store.swift	이동량 0 — 변경 없음		-		사상값이 옛 값과 같다
CHECKLIST.md	349	:157-172	Store.swift	재사상	static func dayKeys(start: Date, end: Date, calendar cal: Calendar) -> [Int] { ⟂ }	:161-176	static func dayKeys(start: Date, end: Date, calendar cal: Calendar) -> [Int] { ⟂ }	
CHECKLIST.md	349	:1908-1910	Store.swift	귀속 오류 — 변경 없음		-		좌표가 Store.swift 길이를 넘는다(다른 파일 좌표: 후보 ['AIAssistant.swift', 'GuardDriver.swift'])
CHECKLIST.md	367	:606-609	Store.swift	재사상	if config.autoAddToCalendar { ⟂ return event	:902-905	if config.autoAddToCalendar { ⟂ return event	
CHECKLIST.md	367	:817-852	Store.swift	재사상	func enqueueCalendarUpload(eventIDs: [UUID] = [], activityIDs: [UUID] = []) { ⟂ }	:1113-1148	func enqueueCalendarUpload(eventIDs: [UUID] = [], activityIDs: [UUID] = []) { ⟂ }	
CHECKLIST.md	367	:800	Store.swift	재사상	private var calendarUploadTask: Task<Void, Never>?	:1096	private var calendarUploadTask: Task<Void, Never>?	
CHECKLIST.md	367	:845-851	Store.swift	재사상	let previous = calendarUploadTask ⟂ }	:1141-1147	let previous = calendarUploadTask ⟂ }	
CHECKLIST.md	368	:121-157	EventDetailView.swift	재사상	@ViewBuilder ⟂ }	:127-163	@ViewBuilder ⟂ }	
CHECKLIST.md	368	:159-164	EventDetailView.swift	재사상	private func addToGoogleCalendar() async { ⟂ }	:165-170	private func addToGoogleCalendar() async { ⟂ }	
CHECKLIST.md	368	:866-869	Store.swift	재사상	func retryFailedCalendarUploads() { ⟂ }	:1162-1165	func retryFailedCalendarUploads() { ⟂ }	
CHECKLIST.md	369	:494	Store.swift	재사상	var googleConnected: Bool { config.hasGoogleCalendar && gcal.isConnected }	:790	var googleConnected: Bool { config.hasGoogleCalendar && gcal.isConnected }	
CHECKLIST.md	369	:818	Store.swift	재사상	guard googleConnected else { return }	:1114	guard googleConnected else { return }	
CHECKLIST.md	369	:880	Store.swift	재사상	guard googleConnected else { return }	:1176	guard googleConnected else { return }	
CHECKLIST.md	369	:915	Store.swift	재사상	guard googleConnected else { return }	:1211	guard googleConnected else { return }	
CHECKLIST.md	369	:777	Store.swift	재사상	if googleConnected {	:1073	if googleConnected {	
CHECKLIST.md	369	:985	Store.swift	재사상	if googleConnected {	:1281	if googleConnected {	
CHECKLIST.md	369	:877-879	Store.swift	재사상	// 예전엔 `config.hasGoogleCalendar`(= 클라이언트 ID가 설정돼 있나)만 봤다. 그 값은 항상 ⟂ // 전부 실패했다. 물어야 할 것은 "계정이 실제로 연결돼 있나"다.	:1173-1175	// 예전엔 `config.hasGoogleCalendar`(= 클라이언트 ID가 설정돼 있나)만 봤다. 그 값은 항상 ⟂ // 전부 실패했다. 물어야 할 것은 "계정이 실제로 연결돼 있나"다.	
CHECKLIST.md	370	:132-151	Models.swift	재사상	enum CalendarUploadState: String, Codable { ⟂ }	:133-152	enum CalendarUploadState: String, Codable { ⟂ }	
CHECKLIST.md	370	:892	Store.swift	재사상	events[i].calendarUpload = nil      // 성공의 단일 출처는 gid다(계약 5)	:1188	events[i].calendarUpload = nil      // 성공의 단일 출처는 gid다(계약 5)	
CHECKLIST.md	370	:925	Store.swift	재사상	activities[i].calendarUpload = nil	:1221	activities[i].calendarUpload = nil	
CHECKLIST.md	370	:180-183	Models.swift	재사상	/// 캘린더 업로드 진행 상태. nil = 올릴 일이 없거나(연동 꺼짐·미연결·이 일정만 제외) 이미 끝났다. ⟂ var calendarUpload: CalendarUploadState?	:181-184	/// 캘린더 업로드 진행 상태. nil = 올릴 일이 없거나(연동 꺼짐·미연결·이 일정만 제외) 이미 끝났다. ⟂ var calendarUpload: CalendarUploadState?	
CHECKLIST.md	370	:825	Store.swift	재사상	evs[i].wantsCalendarSync, evs[i].googleEventId == nil else { continue }	:1121	evs[i].wantsCalendarSync, evs[i].googleEventId == nil else { continue }	
CHECKLIST.md	400	:300	EditCard.swift	재사상	private static let delayNanos: UInt64 = 350_000_000	:741	private static let delayNanos: UInt64 = 350_000_000	
CHECKLIST.md	400	:323	EditCard.swift	재사상	if lastQuery[key] == q, !hadLiveTask { return .skip }	:764	if lastQuery[key] == q, !hadLiveTask { return .skip }	
CHECKLIST.md	499	:179-182	Store.swift	귀속 오류 — 변경 없음		-		AddEventView 좌표(gatedRows 두 벌) — AddEventView는 이 카드 diff 밖
CHECKLIST.md	499	:201-204	Store.swift	귀속 오류 — 변경 없음		-		AddEventView 좌표(gatedRows 두 벌) — AddEventView는 이 카드 diff 밖
CHECKLIST.md	502	:362	ActivityDetailView.swift	재사상	.disabled(loadingNearby)	:458	.disabled(loadingNearby)	
CHECKLIST.md	503	:72	EventDetailView.swift	이동량 0 — 변경 없음		-		사상값이 옛 값과 같다
CHECKLIST.md	503	:153-168	EventDetailView.swift	재사상	systemImage: "person.crop.circle.badge.xmark") ⟂ transitSteps = []	:159-174	systemImage: "person.crop.circle.badge.xmark") ⟂ transitSteps = []	
CHECKLIST.md	506	:270-279	Store.swift	이력 보존		-		문장이 '당시 좌표'라고 못박은 이력(t13 이전 모양)
CHECKLIST.md	507	:263-293	Store.swift	재사상	/// 활동 블록 정보를 수정한다(제목·장소·시간). 구글 캘린더에 이미 올라가 있었다면 지우고 새로 등록한다. ⟂ }	:269-299	/// 활동 블록 정보를 수정한다(제목·장소·시간). 구글 캘린더에 이미 올라가 있었다면 지우고 새로 등록한다. ⟂ }	
CHECKLIST.md	508	:945-992	Store.swift	재사상	func updateEvent(id: UUID, ⟂ }	:1241-1288	func updateEvent(id: UUID, ⟂ }	
CHECKLIST.md	509	:1471-1473	Store.swift	재사상	// 성공의 단일 출처는 gid다(위 업로드 큐와 같은 원칙) — 여기만 해제를 빼먹으면, ⟂ activities[writeIdx].calendarUpload = nil	:1800-1802	// 성공의 단일 출처는 gid다(위 업로드 큐와 같은 원칙) — 여기만 해제를 빼먹으면, ⟂ activities[writeIdx].calendarUpload = nil	
CHECKLIST.md	511	:1436	Store.swift	재사상	if tombstones.contains(gid) || deletedGoogleEventIds.contains(gid) { continue }	:1765	if tombstones.contains(gid) || deletedGoogleEventIds.contains(gid) { continue }	
CHECKLIST.md	511	:1399	Store.swift	재사상	if tombstones.contains(gid) || deletedGoogleEventIds.contains(gid) { continue }	:1728	if tombstones.contains(gid) || deletedGoogleEventIds.contains(gid) { continue }	
CHECKLIST.md	534	:358	Store.swift	재사상	origin: newOrigin ?? current.origin ?? current.destination,	:663	origin: newOrigin ?? current.origin ?? current.destination,	
CHECKLIST.md	621	:311	GuardDriver.swift	이동량 0 — 변경 없음		-		사상값이 옛 값과 같다
CHECKLIST.md	622	:316-321	GuardDriver.swift	이동량 0 — 변경 없음		-		사상값이 옛 값과 같다
CHECKLIST.md	623	:358	GuardDriver.swift	이동량 0 — 변경 없음		-		사상값이 옛 값과 같다
CHECKLIST.md	623	:364	GuardDriver.swift	이동량 0 — 변경 없음		-		사상값이 옛 값과 같다
CHECKLIST.md	623	:365-374	GuardDriver.swift	이동량 0 — 변경 없음		-		사상값이 옛 값과 같다
CHECKLIST.md	624	:377-385	GuardDriver.swift	이동량 0 — 변경 없음		-		사상값이 옛 값과 같다
CHECKLIST.md	625	:408	GuardDriver.swift	이동량 0 — 변경 없음		-		사상값이 옛 값과 같다
CHECKLIST.md	625	:1548	GuardDriver.swift	재사상	drvAssertGlobalInvariants(aiCal, "N절")	:1552	drvAssertGlobalInvariants(aiCal, "N절")	
CHECKLIST.md	625	:3460	GuardDriver.swift	재사상	store.events = []	:3464	store.events = []	
CHECKLIST.md	626	:1559	GuardDriver.swift	재사상	store.config.autoAddToCalendar = false	:1563	store.config.autoAddToCalendar = false	
CHECKLIST.md	626	:1689	GuardDriver.swift	재사상	store.config.autoAddToCalendar = false   // Z절과 같은 이유(N절의 설정 되돌리기 뒤에 있다)	:1693	store.config.autoAddToCalendar = false   // Z절과 같은 이유(N절의 설정 되돌리기 뒤에 있다)	
CHECKLIST.md	627	:1548	GuardDriver.swift	재사상	drvAssertGlobalInvariants(aiCal, "N절")	:1552	drvAssertGlobalInvariants(aiCal, "N절")	
CHECKLIST.md	627	:3460	GuardDriver.swift	재사상	store.events = []	:3464	store.events = []	
CHECKLIST.md	627	:386-404	GuardDriver.swift	이동량 0 — 변경 없음		-		사상값이 옛 값과 같다
CHECKLIST.md	631	:221	GuardDriver.swift	이동량 0 — 변경 없음		-		사상값이 옛 값과 같다
CHECKLIST.md	631	:261	GuardDriver.swift	이동량 0 — 변경 없음		-		사상값이 옛 값과 같다
CHECKLIST.md	651	:817	Store.swift	재사상	func enqueueCalendarUpload(eventIDs: [UUID] = [], activityIDs: [UUID] = []) {	:1113	func enqueueCalendarUpload(eventIDs: [UUID] = [], activityIDs: [UUID] = []) {	
CHECKLIST.md	651	:494	Store.swift	재사상	var googleConnected: Bool { config.hasGoogleCalendar && gcal.isConnected }	:790	var googleConnected: Bool { config.hasGoogleCalendar && gcal.isConnected }	
CHECKLIST.md	652	:132-151	Models.swift	재사상	enum CalendarUploadState: String, Codable { ⟂ }	:133-152	enum CalendarUploadState: String, Codable { ⟂ }	
CHECKLIST.md	653	:294	EditCard.swift	이력 보존		-		2026-09-16 관찰 블록의 EditCard.swift:294 — base에서 이미 본문이 어긋난 선재 드리프트('case skip'), 이 카드 소행 아님
CHECKLIST.md	654	:52	EditCard.swift	이동량 0 — 변경 없음		-		사상값이 옛 값과 같다
CHECKLIST.md	654	:761-765	EditCard.swift	귀속 오류 — 변경 없음		-		좌표가 EditCard.swift 길이를 넘는다(다른 파일 좌표: 후보 ['AIAssistant.swift', 'GuardDriver.swift'])
CHECKLIST.md	656	:1406-1782	GuardDriver.swift	재사상	aiY.drvCheck("K: 반복 생성에서도 같게 막힌다(실측 사고는 이 자리였다)", ⟂ let ps6Ask = aiPS6.drvAsk("create_schedule", ["title": "P-사라짐", "destination_query": "회사",	:1410-1786	aiY.drvCheck("K: 반복 생성에서도 같게 막힌다(실측 사고는 이 자리였다)", ⟂ let ps6Ask = aiPS6.drvAsk("create_schedule", ["title": "P-사라짐", "destination_query": "회사",	
CHECKLIST.md	659	:542	ContentView.swift	재사상	private func span(for activity: ActivityBlock, on date: Date) -> (start: CGFloat, minutes:	:543	private func span(for activity: ActivityBlock, on date: Date) -> (start: CGFloat, minutes:	
CHECKLIST.md	659	:557	ContentView.swift	재사상	private func span(for event: ScheduledEvent, on date: Date) -> (start: CGFloat, minutes: C	:558	private func span(for event: ScheduledEvent, on date: Date) -> (start: CGFloat, minutes: C	
CHECKLIST.md	659	:92	ContentView.swift	서술 갱신(재측정)	return Store.overlapsDay(start: dep, end: e.arrivalDate, day: date, calendar: calendar)	:88	store.events.filter { $0.isListed(on: date, calendar: calendar) }	옛 본문은 사라졌고 같은 일을 하는 줄이 ContentView.swift:88에 있다
CHECKLIST.md	659	:105	ContentView.swift	서술 갱신(사상값 대조)	return Store.overlapsDay(start: a.startDate, end: a.endDate, day: date, calendar: calendar	:100	return Store.overlapsDay(start: a.startDate, end: a.endDate, day: date, calendar: calendar	
CHECKLIST.md	659	:799	ContentView.swift	서술 갱신(사상값 대조)	private struct SwipePager<Content: View>: View {	:791	private struct SwipePager<Content: View>: View {	
CHECKLIST.md	666	:1511	GuardDriver.swift	재사상	aiCal.drvCheck("N: 활동의 failed가 JSON 왕복을 견딘다", nRoundAct?.calendarUpload == .failed,	:1515	aiCal.drvCheck("N: 활동의 failed가 JSON 왕복을 견딘다", nRoundAct?.calendarUpload == .failed,	
CHECKLIST.md	666	:1646	GuardDriver.swift	재사상	"travel_mode_this_time", "return_mode_this_time",	:1650	"travel_mode_this_time", "return_mode_this_time",	
CHECKLIST.md	666	:1500	GuardDriver.swift	재사상	//      "못 올라갔다"는 사실이 사라져 이번 수정의 의미가 없어진다.	:1504	//      "못 올라갔다"는 사실이 사라져 이번 수정의 의미가 없어진다.	
CHECKLIST.md	666	:1775	GuardDriver.swift	재사상	aiPS4.searchPlaces(field: ps4Dest.id, text: "")	:1779	aiPS4.searchPlaces(field: ps4Dest.id, text: "")	
CHECKLIST.md	667	:1492-1494	GuardDriver.swift	재사상	nSynced.googleEventId = "gid-already" ⟂ store.enqueueCalendarUpload(eventIDs: [nSynced.id])	:1496-1498	nSynced.googleEventId = "gid-already" ⟂ store.enqueueCalendarUpload(eventIDs: [nSynced.id])	
CHECKLIST.md	667	:1507-1509	GuardDriver.swift	재사상	let nRoundAct = try? JSONDecoder().decode(ActivityBlock.self, ⟂ aiCal.drvCheck("N: 일정의 pending이 JSON 왕복을 견딘다", nRoundEvent?.calendarUpload == .pending,	:1511-1513	let nRoundAct = try? JSONDecoder().decode(ActivityBlock.self, ⟂ aiCal.drvCheck("N: 일정의 pending이 JSON 왕복을 견딘다", nRoundEvent?.calendarUpload == .pending,	
CHECKLIST.md	667	:1420-1421	GuardDriver.swift	재사상	// M: 비어 있지 않은 이동/장소 질의의 해석 실패가 결과 문구에 드러난다(모두 일반명사 게이트로 ⟂ //    실패시키므로 네트워크 없이 결정적).	:1424-1425	// M: 비어 있지 않은 이동/장소 질의의 해석 실패가 결과 문구에 드러난다(모두 일반명사 게이트로 ⟂ //    실패시키므로 네트워크 없이 결정적).	
CHECKLIST.md	667	:1495	GuardDriver.swift	재사상	aiCal.drvCheck("N: gid가 이미 있으면 pending으로 표시하지 않는다",	:1499	aiCal.drvCheck("N: gid가 이미 있으면 pending으로 표시하지 않는다",	
CHECKLIST.md	667	:309	GuardDriver.swift	이동량 0 — 변경 없음		-		사상값이 옛 값과 같다
CHECKLIST.md	667	:315	GuardDriver.swift	이동량 0 — 변경 없음		-		사상값이 옛 값과 같다
CHECKLIST.md	667	:318-325	GuardDriver.swift	이동량 0 — 변경 없음		-		사상값이 옛 값과 같다
CHECKLIST.md	668	:326-342	GuardDriver.swift	이동량 0 — 변경 없음		-		사상값이 옛 값과 같다
CHECKLIST.md	668	:173	GuardDriver.swift	이동량 0 — 변경 없음		-		사상값이 옛 값과 같다
CHECKLIST.md	668	:173	GuardDriver.swift	이동량 0 — 변경 없음		-		사상값이 옛 값과 같다
CHECKLIST.md	670	:509	AddActivityView.swift	재측정(본문 변경)	.disabled(!(card?.isReady ?? false) || saving)	:274	.disabled(!(form?.card.isReady ?? false) || saving)	옛 본문은 사라졌고 같은 일을 하는 줄이 AddActivityView.swift:274에 있다
CHECKLIST.md	671	:510	AddActivityView.swift	이력 보존		-		'카드 디스패치 문서의 :510은 한 줄 틀린 좌표'라는 오인용의 서술(이력)
plan.md	445	:509	AddActivityView.swift	이력 보존		-		plan.md 카드 표 t9 행 — 그 카드 당시 기록
plan.md	446	:1503	GuardDriver.swift	이력 보존		-		plan.md 카드 표 t10 행 — 그 카드 당시 기록
plan.md	446	:119	GuardDriver.swift	이동량 0 — 변경 없음		-		사상값이 옛 값과 같다
plan.md	446	:223	GuardDriver.swift	이동량 0 — 변경 없음		-		사상값이 옛 값과 같다
plan.md	449	:1468-1470	Store.swift	이력 보존		-		plan.md 카드 표 t13 행 — 그 카드 당시 기록
plan.md	449	:1433	Store.swift	이력 보존		-		plan.md 카드 표 t13 행 — 그 카드 당시 기록
plan.md	449	:1396	Store.swift	이력 보존		-		plan.md 카드 표 t13 행 — 그 카드 당시 기록
plan.md	450	:1365-1367	Store.swift	이력 보존		-		plan.md 카드 표 t23 행 — 그 카드 당시 기록
plan.md	450	:1368	Store.swift	이력 보존		-		plan.md 카드 표 t23 행 — 그 카드 당시 기록
plan.md	451	:574	AddActivityView.swift	이력 보존		-		plan.md 카드 표 t14 행 — 그 카드 당시 기록
plan.md	503	:574	AddActivityView.swift	재사상	.background(Theme.raised, in: RoundedRectangle(cornerRadius: Theme.radius))	:339	.background(Theme.raised, in: RoundedRectangle(cornerRadius: Theme.radius))	
plan.md	504	:596	AddActivityView.swift	재사상	.accessibilityLabel("장소 검색")	:361	.accessibilityLabel("장소 검색")	
plan.md	534	:269	EditCard.swift	재사상	var chooseTimePlain: @MainActor (UUID, Date) -> Bool = { _, _ in false }	:710	var chooseTimePlain: @MainActor (UUID, Date) -> Bool = { _, _ in false }	
plan.md	535	:158	EditCard.swift	서술 갱신(재측정)	chosen: BesirTime.isoFormatter.string(from: a.startDate), anchored: false),	:580	chosen: BesirTime.isoFormatter.string(from: activity.startDate), anchored: false),	옛 본문은 사라졌고 같은 일을 하는 줄이 EditCard.swift:580에 있다
plan.md	535	:160	EditCard.swift	서술 갱신(재측정)	chosen: BesirTime.isoFormatter.string(from: a.endDate), anchored: false),	:582	chosen: BesirTime.isoFormatter.string(from: activity.endDate), anchored: false),	옛 본문은 사라졌고 같은 일을 하는 줄이 EditCard.swift:582에 있다
plan.md	536	:139	AddActivityView.swift	서술 갱신(사상값 대조)	anchored: false),	:107	anchored: false),	
plan.md	536	:141	AddActivityView.swift	서술 갱신(사상값 대조)	anchored: false),	:109	anchored: false),	
plan.md	536	:128	ActivityDetailView.swift	서술 갱신(재측정)	for fav in store.favorites { favoritePlaces[fav.label] = fav.place }	:138	chooseTimePlain: { chooseTimePlain(field: $0, date: $1) },	옛 본문은 사라졌고 같은 일을 하는 줄이 ActivityDetailView.swift:138에 있다
plan.md	536	:113	AddActivityView.swift	서술 갱신(사상값 대조)	chooseTimePlain: { chooseTimePlain(field: $0, date: $1) },	:83	chooseTimePlain: { chooseTimePlain(field: $0, date: $1) },	
plan.md	540	:339	ActivityDetailView.swift	이력 보존		-		닫힌 후속 12 — 문장이 '위 좌표는 그날 기록이라 그대로 둔다'고 못박음
plan.md	554	:240	EditCard.swift	이동량 0 — 변경 없음		-		사상값이 옛 값과 같다
plan.md	562	:423-429	AddActivityView.swift	서술 갱신(재측정)	guard var c = card, let i = c.fields.firstIndex(where: { $0.id == field }), ⟂ 	:187	private func submitCustom(field: UUID, text: String) -> Bool {	옛 본문은 사라졌고 같은 일을 하는 줄이 AddActivityView.swift:187에 있다
plan.md	562	:158-159	Models.swift	재사상	var origin: Place? ⟂ var destination: Place	:159-160	var origin: Place? ⟂ var destination: Place	
plan.md	562	:179	EditCard.swift	서술 갱신(재측정)	switch key {	:335	if card.fields[i].kind == .place { confirmedPlaces[field] = place ?? favoritePlaces[value]	옛 본문은 사라졌고 같은 일을 하는 줄이 EditCard.swift:335에 있다
plan.md	564	:575	AddActivityView.swift	이력 보존		-		닫힌 후속 16 — base부터 한 줄 어긋났던 사실을 설명하는 이력
plan.md	564	:575	AddActivityView.swift	이력 보존		-		같음
plan.md	564	:574	AddActivityView.swift	이력 보존		-		같음
plan.md	565	:240	EditCard.swift	이동량 0 — 변경 없음		-		사상값이 옛 값과 같다
plan.md	565	:158-159	EditCard.swift	이동량 0 — 변경 없음		-		사상값이 옛 값과 같다
plan.md	565	:511-513	EditCard.swift	귀속 오류 — 변경 없음		-		좌표가 EditCard.swift 길이를 넘는다(다른 파일 좌표: 후보 [])
plan.md	565	:165-166	EditCard.swift	이동량 0 — 변경 없음		-		사상값이 옛 값과 같다
plan.md	565	:178	EditCard.swift	이동량 0 — 변경 없음		-		사상값이 옛 값과 같다
plan.md	565	:531-536	EditCard.swift	귀속 오류 — 변경 없음		-		좌표가 EditCard.swift 길이를 넘는다(다른 파일 좌표: 후보 [])
plan.md	565	:178	EditCard.swift	이동량 0 — 변경 없음		-		사상값이 옛 값과 같다
plan.md	565	:166	ActivityDetailView.swift	이동량 0 — 변경 없음		-		사상값이 옛 값과 같다
plan.md	565	:534-536	ActivityDetailView.swift	귀속 오류 — 변경 없음		-		좌표가 ActivityDetailView.swift 길이를 넘는다(다른 파일 좌표: 후보 ['AddActivityView.swift', 'AddEventView.swift'])
plan.md	565	:166	ActivityDetailView.swift	이동량 0 — 변경 없음		-		사상값이 옛 값과 같다
plan.md	565	:536	ActivityDetailView.swift	귀속 오류 — 변경 없음		-		좌표가 ActivityDetailView.swift 길이를 넘는다(다른 파일 좌표: 후보 [])
plan.md	565	:158-159	ActivityDetailView.swift	이력 보존		-		닫힌 후속 17 — 문장이 'c5396b3의 좌표는 그날의 기록'이라고 못박음
plan.md	565	:511-513	ActivityDetailView.swift	귀속 오류 — 변경 없음		-		좌표가 ActivityDetailView.swift 길이를 넘는다(다른 파일 좌표: 후보 [])
plan.md	565	:166	ActivityDetailView.swift	이동량 0 — 변경 없음		-		사상값이 옛 값과 같다
plan.md	565	:531-536	ActivityDetailView.swift	귀속 오류 — 변경 없음		-		좌표가 ActivityDetailView.swift 길이를 넘는다(다른 파일 좌표: 후보 ['AddActivityView.swift'])
plan.md	565	:358	Store.swift	재사상	origin: newOrigin ?? current.origin ?? current.destination,	:663	origin: newOrigin ?? current.origin ?? current.destination,	
plan.md	566	:171-174	EditCard.swift	이동량 0 — 변경 없음		-		사상값이 옛 값과 같다
plan.md	566	:181	EditCard.swift	이동량 0 — 변경 없음		-		사상값이 옛 값과 같다
plan.md	568	:119	Store.swift	이동량 0 — 변경 없음		-		사상값이 옛 값과 같다
plan.md	568	:945-992	Store.swift	재사상	func updateEvent(id: UUID, ⟂ }	:1241-1288	func updateEvent(id: UUID, ⟂ }	
